{
    "roofs": [
        {
            "id": "Roof_Main",
            "topLeft": {
                "x": 0.26874616742134097,
                "y": 0.24999597668647767
            },
            "topRight": {
                "x": 0.7343788743019104,
                "y": 0.245829239487648
            },
            "bottomRight": {
                "x": 0.806255042552948,
                "y": 0.4402768909931183
            },
            "bottomLeft": {
                "x": 0.19921378791332246,
                "y": 0.4430547058582306
            },
            "confirmed": true
        }
    ],
    "groundY": 0.6583360433578491
}