{
    "roofs": [
        {
            "id": "Roof_Main",
            "topLeft": {
                "x": 0.26401805877685549,
                "y": 0.2417
            },
            "topRight": {
                "x": 0.7382879257202148,
                "y": 0.2417
            },
            "bottomRight": {
                "x": 0.8028562664985657,
                "y": 0.4470256567001343
            },
            "bottomLeft": {
                "x": 0.19714371860027314,
                "y": 0.44431272149086
            },
            "confirmed": true
        }
    ],
    "groundY": 0.673557460308075
}
